id;first_name;last_name;email;password
1;Ginnie;Clerk;gclerk0@youtube.com;mY4<g*|T64mT
2;Oliver;Clifft;oclifft1@bloglovin.com;mH3%gc/7=gU4),k%
3;Ron;Crasswell;rcrasswell2@usnews.com;zR4*Dy*Q6BlSQ6
4;Algernon;Arderne;aarderne3@mit.edu;iW2&4xH2eE(
5;Rhoda;Beazley;rbeazley4@php.net;bR1)EIlab}O_o!
6;Brit;Everard;beverard5@zdnet.com;kX7{V}j4VRz
7;Niven;Dutton;ndutton6@facebook.com;zQ1{CowzM<z~j
8;Jozef;Banbrigge;jbanbrigge7@mysql.com;qE3<Vry&vLo~
9;Herold;Thomsson;hthomsson8@fc2.com;lR8}M?_iU
10;Bram;Boutcher;bboutcher9@sciencedaily.com;qI7&sP~<
11;test;test;test_bboutcher9@sciencedaily.com;qI7&sP~<ooo