id;comment
1;Maecenas pulvinar lobortis est.
2;Proin leo odio, porttitor id, consequat in, consequat ut, nulla.
3;Nullam sit amet turpis elementum ligula vehicula consequat.
4;Duis bibendum, felis sed interdum venenatis, turpis enim blandit mi, in porttitor pede justo eu massa. Donec dapibus.
5;Integer ac leo.
6;Quisque erat eros, viverra eget, congue eget, semper rutrum, nulla. Nunc purus.
7;Morbi ut odio.
8;Vestibulum ac est lacinia nisi venenatis tristique. Fusce congue, diam id ornare imperdiet, sapien urna pretium nisl, ut volutpat sapien arcu sed augue.
9;Duis aliquam convallis nunc. Proin at turpis a pede posuere nonummy. Integer non velit.
10;Morbi non quam nec dui luctus rutrum. Nulla tellus. In sagittis dui vel nisl.
